{"RuleTriggered": 0, "Violations": 0, "Details": {"pin_memory": false, "num_workers": 0, "cores": 4, "dataloaders": 1, "dataloading_time": {"p25": 1.66571725, "p50": 1.7394560000000001, "p95": 2.2468024499999992, "probs": [1, 0, 0, 0, 1, 0, 0, 0, 0, 0, 0, 0, 0, 0, 0, 0, 0, 0, 0, 0, 0, 0, 1, 0, 0, 0, 1, 1, 0, 0, 0, 1, 0, 1, 0, 0, 0, 0, 0, 0, 0, 0, 1, 1, 0, 0, 0, 0, 0, 0, 0, 0, 0, 0, 0, 0, 0, 0, 0, 0, 0, 0, 0, 0, 0, 0, 0, 0, 0, 0, 0, 0, 0, 0, 0, 0, 0, 0, 0, 0, 0, 0, 0, 0, 0, 0, 0, 0, 0, 0, 0, 0, 0, 0, 0, 0, 0, 0, 0, 1], "binedges": [1.402868, 1.41416223, 1.42545646, 1.43675069, 1.44804492, 1.45933915, 1.47063338, 1.48192761, 1.49322184, 1.50451607, 1.5158103, 1.52710453, 1.53839876, 1.54969299, 1.56098722, 1.57228145, 1.58357568, 1.59486991, 1.60616414, 1.61745837, 1.6287525999999999, 1.64004683, 1.65134106, 1.6626352899999999, 1.67392952, 1.68522375, 1.6965179799999999, 1.70781221, 1.71910644, 1.7304006699999999, 1.7416949, 1.75298913, 1.7642833599999999, 1.77557759, 1.78687182, 1.7981660499999998, 1.80946028, 1.82075451, 1.8320487399999998, 1.84334297, 1.8546372, 1.8659314299999998, 1.87722566, 1.88851989, 1.8998141199999998, 1.91110835, 1.92240258, 1.9336968099999998, 1.94499104, 1.95628527, 1.9675794999999998, 1.97887373, 1.99016796, 2.00146219, 2.01275642, 2.02405065, 2.03534488, 2.04663911, 2.05793334, 2.06922757, 2.0805218, 2.09181603, 2.10311026, 2.11440449, 2.12569872, 2.13699295, 2.14828718, 2.15958141, 2.1708756399999998, 2.18216987, 2.1934641, 2.2047583299999998, 2.21605256, 2.22734679, 2.2386410199999998, 2.24993525, 2.26122948, 2.2725237099999998, 2.28381794, 2.29511217, 2.3064064, 2.31770063, 2.32899486, 2.3402890899999997, 2.35158332, 2.36287755, 2.37417178, 2.38546601, 2.39676024, 2.4080544699999997, 2.4193486999999996, 2.43064293, 2.44193716, 2.45323139, 2.46452562, 2.4758198499999997, 2.4871140799999996, 2.49840831, 2.50970254, 2.52099677, 2.532291]}}, "Datapoints": 10, "RuleParameters": "min_threshold:70\nmax_threshold:200"}