{"RuleTriggered": 0, "Violations": 94, "Details": {"low_gpu_utilization": 1683, "bottlenecks": {"1639601706.73081": {"GPUs": 1, "CPUs": 1}, "1639601707.230828": {"GPUs": 1, "CPUs": 1}, "1639601735.730806": {"GPUs": 1, "CPUs": 1}, "1639601736.230814": {"GPUs": 1, "CPUs": 1}, "1639601736.730907": {"GPUs": 1, "CPUs": 1}, "1639601740.231579": {"GPUs": 1, "CPUs": 1}, "1639601740.730808": {"GPUs": 1, "CPUs": 2}, "1639601741.230814": {"GPUs": 1, "CPUs": 2}, "1639601741.73083": {"GPUs": 1, "CPUs": 1}, "1639601742.230798": {"GPUs": 1, "CPUs": 1}, "1639601742.730814": {"GPUs": 1, "CPUs": 3}, "1639601743.230831": {"GPUs": 1, "CPUs": 2}, "1639601743.730805": {"GPUs": 1, "CPUs": 2}, "1639601744.230855": {"GPUs": 1, "CPUs": 1}, "1639601744.730827": {"GPUs": 1, "CPUs": 1}, "1639601745.230806": {"GPUs": 1, "CPUs": 1}, "1639601745.730826": {"GPUs": 1, "CPUs": 1}, "1639601746.231678": {"GPUs": 1, "CPUs": 1}, "1639601746.73082": {"GPUs": 1, "CPUs": 3}, "1639601747.23153": {"GPUs": 1, "CPUs": 2}, "1639601747.730812": {"GPUs": 1, "CPUs": 3}, "1639601748.230814": {"GPUs": 1, "CPUs": 3}, "1639601748.730841": {"GPUs": 1, "CPUs": 2}, "1639601755.230808": {"GPUs": 1, "CPUs": 1}, "1639601755.730817": {"GPUs": 1, "CPUs": 1}, "1639601756.230822": {"GPUs": 1, "CPUs": 2}, "1639601756.730807": {"GPUs": 1, "CPUs": 3}, "1639601757.230833": {"GPUs": 1, "CPUs": 2}, "1639601757.730804": {"GPUs": 1, "CPUs": 2}, "1639601768.230817": {"GPUs": 1, "CPUs": 1}, "1639601768.730829": {"GPUs": 1, "CPUs": 1}, "1639601775.230811": {"GPUs": 1, "CPUs": 1}, "1639601776.230814": {"GPUs": 1, "CPUs": 1}, "1639601776.730828": {"GPUs": 1, "CPUs": 2}, "1639601777.230816": {"GPUs": 1, "CPUs": 2}, "1639601777.730848": {"GPUs": 1, "CPUs": 2}, "1639601778.230817": {"GPUs": 1, "CPUs": 3}, "1639601778.730825": {"GPUs": 1, "CPUs": 2}, "1639601779.230842": {"GPUs": 1, "CPUs": 3}, "1639601779.730832": {"GPUs": 1, "CPUs": 4}, "1639601780.230829": {"GPUs": 1, "CPUs": 3}, "1639601780.730857": {"GPUs": 1, "CPUs": 3}, "1639601781.230816": {"GPUs": 1, "CPUs": 3}, "1639601781.730825": {"GPUs": 1, "CPUs": 4}, "1639601782.230802": {"GPUs": 1, "CPUs": 4}, "1639601782.730839": {"GPUs": 1, "CPUs": 2}, "1639601790.230845": {"GPUs": 1, "CPUs": 1}, "1639601790.730782": {"GPUs": 1, "CPUs": 1}, "1639601791.230821": {"GPUs": 1, "CPUs": 3}, "1639601791.730807": {"GPUs": 1, "CPUs": 3}, "1639601792.230829": {"GPUs": 1, "CPUs": 3}, "1639601795.230811": {"GPUs": 1, "CPUs": 1}, "1639601795.730821": {"GPUs": 1, "CPUs": 1}, "1639601796.230817": {"GPUs": 1, "CPUs": 1}, "1639601796.730817": {"GPUs": 1, "CPUs": 1}, "1639601797.230825": {"GPUs": 1, "CPUs": 1}, "1639601797.730766": {"GPUs": 1, "CPUs": 1}, "1639601798.230817": {"GPUs": 1, "CPUs": 2}, "1639601801.730815": {"GPUs": 1, "CPUs": 1}, "1639601802.230813": {"GPUs": 1, "CPUs": 1}, "1639601820.230814": {"GPUs": 1, "CPUs": 1}, "1639601820.730817": {"GPUs": 1, "CPUs": 1}, "1639601821.230843": {"GPUs": 1, "CPUs": 2}, "1639601821.730848": {"GPUs": 1, "CPUs": 3}, "1639601822.230803": {"GPUs": 1, "CPUs": 1}, "1639601822.730817": {"GPUs": 1, "CPUs": 1}, "1639601823.230819": {"GPUs": 1, "CPUs": 1}, "1639601823.730819": {"GPUs": 1, "CPUs": 1}, "1639601824.230811": {"GPUs": 1, "CPUs": 1}, "1639601824.730826": {"GPUs": 1, "CPUs": 2}, "1639601825.230836": {"GPUs": 1, "CPUs": 3}, "1639601825.730814": {"GPUs": 1, "CPUs": 2}, "1639601826.230816": {"GPUs": 1, "CPUs": 2}, "1639601826.730842": {"GPUs": 1, "CPUs": 2}, "1639601827.23081": {"GPUs": 1, "CPUs": 3}, "1639601827.730822": {"GPUs": 1, "CPUs": 3}, "1639601828.230861": {"GPUs": 1, "CPUs": 2}, "1639601828.730949": {"GPUs": 1, "CPUs": 2}, "1639601829.23082": {"GPUs": 1, "CPUs": 2}, "1639601829.730826": {"GPUs": 1, "CPUs": 3}, "1639601830.230814": {"GPUs": 1, "CPUs": 2}, "1639601838.230824": {"GPUs": 1, "CPUs": 1}, "1639601838.730828": {"GPUs": 1, "CPUs": 1}, "1639601839.23081": {"GPUs": 1, "CPUs": 1}, "1639601839.730823": {"GPUs": 1, "CPUs": 1}, "1639601840.230826": {"GPUs": 1, "CPUs": 1}, "1639601843.730816": {"GPUs": 1, "CPUs": 1}, "1639601844.230845": {"GPUs": 1, "CPUs": 1}, "1639601844.730802": {"GPUs": 1, "CPUs": 1}, "1639601849.230831": {"GPUs": 1, "CPUs": 2}, "1639601854.730823": {"GPUs": 1, "CPUs": 1}, "1639601872.23081": {"GPUs": 1, "CPUs": 1}, "1639601872.730848": {"GPUs": 1, "CPUs": 1}, "1639601886.730827": {"GPUs": 1, "CPUs": 1}}}, "Datapoints": 2166, "RuleParameters": "threshold:50\nio_threshold:50\ngpu_threshold:10\npatience:1000"}