{"RuleTriggered": 0, "Violations": 0, "Details": {"step_num": {"first": 1639601870060928, "last": 1639602778239622}, "job_start": 1639601700.231401, "job_end": 1639602779.731068}, "Datapoints": 490, "RuleParameters": "threshold:20"}