{"RuleTriggered": 0, "Violations": 0, "Details": {"ratio": {"gpu_functions-dev:0": 51.15787190353702, "cpu_functions": 48.84212809646298}, "phase": {"Step:ModeKeys.TRAIN": 13.840201243135484, "others": 85.06412173382236, "Step:ModeKeys.EVAL": 1.0956770230421575}, "phase_time": {}, "CPU": {"aten::conv2d": 13.807551138917296, "aten::convolution": 13.803248994957023, "aten::_convolution": 13.80008307149046, "aten::cudnn_convolution": 13.794222928216843, "aten::to": 2.424734129138724, "aten::copy_": 2.6910797067800534, "aten::item": 4.379191760569696, "aten::_local_scalar_dense": 4.314292911824452, "enumerate(DataLoader)#_SingleProcessDataLoaderIter.__next__": 30.985595358105456}, "CPU_total": {"aten::conv2d": 8020436, "aten::convolution": 8017937, "aten::_convolution": 8016098, "aten::cudnn_convolution": 8012694, "aten::to": 1408463, "aten::copy_": 1563176, "aten::item": 2543755, "aten::_local_scalar_dense": 2506057, "enumerate(DataLoader)#_SingleProcessDataLoaderIter.__next__": 17998701}, "GPU": {"aten::conv2d": 14.845535382735628, "aten::convolution": 14.8439046721446, "aten::_convolution": 14.842591475573414, "aten::cudnn_convolution": 14.839747654352237, "aten::copy_": 2.3868270887845298, "CudnnConvolutionBackward": 3.59217760726508, "aten::cudnn_convolution_backward": 3.5899722653229293, "enumerate(DataLoader)#_SingleProcessDataLoaderIter.__next__": 31.059243853821584}, "GPU_total": {"aten::conv2d": 8603017, "aten::convolution": 8602072, "aten::_convolution": 8601311, "aten::cudnn_convolution": 8599663, "aten::copy_": 1383171, "CudnnConvolutionBackward": 2081674, "aten::cudnn_convolution_backward": 2080396, "enumerate(DataLoader)#_SingleProcessDataLoaderIter.__next__": 17998893}, "general": {"DataLoaderIterInitialize": 0.005683956593219308, "DataLoaderIter": 19.930513630647894, "Forward": 80.06380241275889}}, "Datapoints": 0, "RuleParameters": ""}