{"RuleTriggered": 0, "Violations": 0, "Details": {"step_details": {"algo-1-27": {"step_stats": {"mean": 0.15578159764705882, "max": 14.274134, "p99": 3.4039286799999995, "p95": 0.013779399999999999, "p50": 0.010046, "min": 0.009192}, "number_of_outliers": 4, "phase": "Step:ModeKeys.TRAIN", "stddev": 1.1, "probs": [413, 0, 0, 0, 0, 0, 0, 0, 0, 0, 0, 0, 0, 0, 0, 0, 0, 0, 0, 0, 0, 0, 0, 0, 0, 0, 0, 0, 0, 0, 0, 0, 0, 0, 0, 0, 0, 0, 0, 0, 0, 0, 0, 0, 1, 0, 0, 0, 0, 0, 0, 0, 0, 0, 0, 0, 0, 0, 0, 0, 0, 0, 0, 0, 0, 0, 0, 0, 0, 0, 0, 0, 0, 0, 0, 0, 0, 0, 0, 0, 0, 0, 0, 0, 0, 0, 0, 0, 0, 0, 0, 0, 0, 0, 0, 0, 0, 2, 4, 1], "binedges": [0.009192, 0.04322227, 0.07725254000000001, 0.11128281000000001, 0.14531308, 0.17934335, 0.21337362, 0.24740389000000002, 0.28143416, 0.31546443, 0.3494947, 0.38352496999999997, 0.41755524, 0.45158551, 0.48561578, 0.51964605, 0.55367632, 0.58770659, 0.6217368600000001, 0.65576713, 0.6897974, 0.72382767, 0.75785794, 0.79188821, 0.82591848, 0.85994875, 0.8939790200000001, 0.92800929, 0.96203956, 0.99606983, 1.0301001, 1.0641303700000002, 1.0981606400000001, 1.13219091, 1.1662211800000002, 1.20025145, 1.2342817200000002, 1.2683119900000002, 1.30234226, 1.3363725300000002, 1.3704028000000001, 1.40443307, 1.4384633400000002, 1.4724936100000001, 1.50652388, 1.5405541500000002, 1.57458442, 1.6086146900000002, 1.6426449600000002, 1.67667523, 1.7107055000000002, 1.7447357700000001, 1.7787660400000003, 1.8127963100000002, 1.84682658, 1.8808568500000002, 1.9148871200000002, 1.94891739, 1.9829476600000002, 2.0169779300000004, 2.0510082, 2.08503847, 2.1190687400000003, 2.15309901, 2.18712928, 2.2211595500000003, 2.25518982, 2.28922009, 2.3232503600000003, 2.35728063, 2.3913109, 2.4253411700000003, 2.4593714400000004, 2.49340171, 2.5274319800000002, 2.5614622500000004, 2.59549252, 2.62952279, 2.6635530600000004, 2.69758333, 2.7316136, 2.7656438700000003, 2.79967414, 2.83370441, 2.8677346800000003, 2.90176495, 2.93579522, 2.9698254900000003, 3.00385576, 3.03788603, 3.0719163000000003, 3.1059465700000004, 3.13997684, 3.1740071100000002, 3.2080373800000004, 3.24206765, 3.27609792, 3.3101281900000004, 3.34415846, 3.37818873, 3.412219], "step_numbers": ["0", "0", "1", "2"]}}}, "Datapoints": 490, "RuleParameters": "threshold:3\nmode:None\nn_outliers:10\nstddev:3"}